Tiempo,Temp_DHT,Humedad_DHT,Temp_BME,Presion_BME
00:00:03,24,47,26.30,766.37
00:00:04,24,47,25.73,767.11
00:00:05,25,46,25.70,767.14
00:00:07,25,45,25.67,767.24
00:00:08,25,45,25.64,767.24
00:00:09,25,44,25.62,767.32
00:00:10,25,44,25.58,767.41
00:00:12,25,44,25.56,767.33
00:00:13,25,44,25.54,767.35
00:00:14,25,43,25.53,767.33
00:00:16,25,43,25.53,767.33
00:00:17,25,43,25.52,767.38
00:00:18,25,43,25.52,767.38
00:00:20,25,43,25.50,767.43
00:00:21,25,43,25.51,767.41
00:00:22,25,42,25.49,767.38
00:00:24,25,42,25.49,767.41
00:00:25,25,42,25.48,767.38
00:00:26,25,42,25.47,767.41
00:00:28,25,42,25.47,767.35
00:00:29,25,42,25.47,767.41
00:00:30,25,42,25.46,767.36
00:00:32,24,42,25.45,767.36
00:00:33,24,41,25.46,767.46
00:00:34,24,41,25.44,767.44
00:00:36,24,41,25.44,767.46
00:00:37,24,41,25.43,767.54
00:00:38,24,41,25.42,767.52
00:00:40,24,41,25.42,767.52
00:00:41,24,41,25.42,767.49
00:00:42,24,41,25.41,767.46
00:00:44,24,41,25.40,767.52
00:00:45,24,40,25.40,767.41
00:00:47,24,40,25.39,767.57
00:00:48,24,40,25.38,767.52
00:00:49,24,40,25.39,767.46
00:00:51,24,40,25.36,767.49
00:00:52,24,40,25.37,767.49
00:00:53,24,40,25.37,767.49
00:00:55,24,40,25.36,767.57
00:00:56,24,40,25.36,767.46
00:00:57,24,40,25.35,767.52
00:00:59,24,40,25.35,767.55
00:01:00,24,40,25.35,767.55
00:01:01,24,40,25.34,767.55
00:01:03,24,40,25.34,767.57
00:01:04,24,40,25.33,767.60
00:01:05,24,40,25.33,767.57
00:01:07,24,40,25.33,767.57
00:01:08,24,40,25.32,767.55
00:01:09,24,40,25.32,767.57
00:01:11,24,40,25.31,767.57
00:01:12,24,40,25.30,767.63
00:01:13,24,40,25.30,767.63
00:01:15,24,40,25.30,767.65
00:01:16,24,40,25.31,767.60
00:01:18,24,40,25.30,767.60
00:01:19,24,40,25.31,767.60
00:01:20,24,40,25.31,767.60
00:01:22,24,40,25.30,767.65
00:01:23,24,40,25.29,767.65
00:01:24,24,40,25.29,767.73
00:01:26,24,40,25.28,767.65
00:01:27,24,40,25.28,767.68
00:01:28,24,40,25.28,767.68
00:01:30,24,40,25.28,767.65
00:01:31,24,40,25.27,767.65
00:01:32,24,40,25.27,767.68
00:01:34,24,40,25.27,767.68
00:01:35,24,40,25.26,767.65
00:01:36,24,40,25.26,767.63
00:01:38,24,40,25.27,767.63
00:01:39,24,40,25.26,767.68
00:01:41,24,40,25.26,767.68
00:01:42,24,40,25.26,767.65
00:01:43,24,40,25.26,767.73
00:01:45,24,40,25.26,767.65
00:01:46,24,40,25.27,767.68
00:01:47,24,40,25.28,767.63
00:01:49,24,39,25.27,767.68
00:01:50,24,39,25.28,767.60
00:01:51,24,39,25.28,767.63
00:01:53,24,39,25.29,767.68
00:01:54,24,39,25.30,767.60
00:01:55,24,39,25.30,767.65
00:01:57,24,40,25.30,767.57
00:01:58,24,40,25.31,767.63
00:01:59,24,40,25.30,767.60
00:02:01,24,40,25.31,767.65
00:02:02,24,40,25.30,767.60
00:02:04,24,40,25.31,767.60
00:02:05,24,40,25.30,767.57
00:02:06,24,40,25.30,767.57
00:02:08,24,40,25.29,767.57
00:02:09,24,40,25.29,767.57
00:02:10,24,40,25.29,767.57
00:02:12,24,40,25.30,767.57
00:02:13,24,40,25.30,767.57
00:02:14,24,40,25.31,767.60
00:02:16,24,40,25.29,767.60
00:02:17,24,40,25.31,767.57
00:02:19,24,40,25.30,767.60
00:02:20,24,39,25.32,767.55
00:02:21,24,39,25.32,767.55
00:02:23,24,39,25.32,767.52
00:02:24,24,39,25.31,767.55
00:02:25,24,39,25.32,767.55
00:02:27,23,39,25.31,767.55
00:02:28,23,39,25.32,767.52
00:02:29,23,39,25.32,767.57
00:02:31,23,39,25.32,767.55
00:02:32,23,39,25.31,767.57
00:02:33,23,39,25.30,767.57
00:02:35,23,39,25.32,767.49
00:02:36,23,39,25.31,767.55
00:02:38,23,39,25.31,767.52
00:02:39,23,40,25.32,767.55
00:02:40,23,40,25.31,767.60
00:02:42,23,40,25.32,767.55
00:02:43,23,40,25.31,767.52
00:02:44,23,40,25.31,767.60
00:02:46,23,40,25.31,767.52
00:02:47,23,40,25.31,767.52
00:02:48,23,39,25.30,767.55
00:02:50,23,40,25.29,767.52
00:02:51,23,40,25.30,767.63
00:02:52,23,39,25.29,767.57
00:02:54,23,39,25.29,767.60
00:02:55,23,39,25.29,767.57
00:02:57,23,39,25.29,767.63
00:02:58,23,39,25.28,767.52
00:02:59,23,39,25.28,767.57
00:03:01,23,39,25.28,767.57
00:03:02,23,39,25.28,767.63
00:03:03,23,39,25.29,767.60
00:03:05,23,39,25.30,767.57
00:03:06,23,39,25.30,767.55
00:03:07,23,40,25.30,767.55
00:03:09,23,40,25.29,767.57
00:03:10,23,40,25.30,767.63
00:03:12,23,40,25.30,767.60
00:03:13,23,40,25.31,767.49
00:03:14,23,40,25.30,767.55
00:03:16,23,40,25.30,767.52
00:03:17,23,40,25.31,767.57
00:03:18,23,40,25.30,767.52
00:03:20,23,40,25.31,767.57
00:03:21,23,40,25.31,767.52
00:03:22,23,40,25.31,767.57
00:03:24,23,40,25.31,767.57
00:03:25,23,40,25.30,767.60
00:03:26,23,40,25.30,767.52
00:03:28,23,40,25.29,767.55
00:03:29,23,40,25.31,767.52
00:03:31,23,40,25.31,767.55
00:03:32,23,40,25.31,767.49
00:03:33,23,40,25.31,767.52
00:03:35,23,40,25.31,767.52
00:03:36,23,39,25.31,767.52
00:03:37,23,39,25.32,767.55
00:03:39,23,39,25.32,767.52
00:03:40,23,39,25.31,767.55
00:03:41,23,39,25.30,767.57
00:03:43,23,39,25.29,767.57
00:03:44,23,39,25.29,767.57
00:03:45,23,39,25.29,767.60
00:03:47,23,39,25.29,767.57
00:03:48,23,39,25.30,767.55
00:03:49,23,39,25.27,767.60
00:03:51,23,39,25.28,767.57
00:03:52,23,39,25.28,767.57
00:03:53,23,39,25.29,767.63
00:03:55,23,39,25.29,767.52
00:03:56,23,39,25.29,767.52
00:03:57,23,39,25.28,767.60
00:03:59,23,39,25.28,767.63
00:04:00,23,39,25.27,767.55
00:04:02,23,39,25.28,767.63
00:04:03,23,39,25.28,767.60
00:04:04,23,39,25.27,767.55
00:04:06,23,39,25.28,767.52
00:04:07,23,39,25.29,767.60
00:04:08,23,39,25.28,767.52
00:04:10,23,39,25.30,767.55
00:04:11,23,39,25.30,767.52
00:04:12,23,39,25.29,767.57
00:04:14,23,39,25.29,767.52
00:04:15,23,39,25.30,767.52
00:04:16,23,39,25.31,767.52
00:04:18,23,39,25.30,767.52
00:04:19,23,39,25.31,767.49
00:04:20,23,39,25.30,767.57
00:04:22,23,40,25.29,767.52
00:04:23,23,40,25.29,767.55
00:04:24,23,40,25.30,767.60
00:04:26,23,40,25.30,767.57
00:04:27,23,40,25.31,767.52
00:04:28,23,40,25.31,767.57
00:04:30,23,40,25.31,767.57
00:04:31,23,40,25.32,767.52
00:04:33,23,40,25.31,767.52
00:04:34,23,40,25.32,767.52
00:04:35,23,40,25.32,767.52
00:04:37,23,40,25.31,767.52
00:04:38,23,40,25.32,767.49
00:04:39,23,40,25.33,767.47
00:04:41,23,40,25.33,767.47
00:04:42,23,40,25.32,767.49
00:04:43,23,40,25.33,767.52
00:04:45,23,40,25.32,767.52
00:04:46,23,40,25.33,767.52
00:04:47,23,40,25.34,767.49
00:04:49,23,40,25.33,767.52
00:04:50,23,40,25.32,767.52
00:04:51,23,40,25.32,767.47
00:04:53,23,40,25.32,767.49
00:04:54,23,40,25.32,767.55
00:04:56,23,40,25.32,767.52
00:04:57,23,40,25.31,767.57
00:04:58,23,40,25.32,767.52
00:05:00,23,40,25.31,767.52
00:05:01,23,40,25.31,767.52
00:05:02,23,40,25.31,767.52
00:05:04,23,40,25.31,767.52
00:05:05,23,40,25.31,767.57
00:05:06,23,40,25.30,767.60
00:05:08,23,40,25.30,767.52
00:05:09,23,40,25.29,767.52
00:05:10,23,40,25.30,767.47
00:05:12,23,40,25.30,767.57
00:05:13,23,40,25.29,767.55
00:05:15,23,40,25.30,767.57
00:05:16,23,40,25.30,767.55
00:05:17,23,40,25.30,767.52
00:05:19,23,40,25.30,767.52
00:05:20,23,40,25.30,767.52
00:05:21,23,40,25.31,767.49
00:05:23,23,40,25.31,767.55
00:05:24,23,40,25.31,767.57
00:05:25,23,40,25.31,767.57
00:05:27,23,40,25.31,767.47
00:05:28,23,40,25.31,767.49
00:05:29,23,40,25.32,767.49
00:05:31,23,40,25.32,767.47
00:05:32,23,40,25.32,767.52
00:05:34,23,40,25.32,767.49
00:05:35,23,40,25.33,767.47
00:05:36,23,40,25.32,767.52
00:05:38,23,40,25.33,767.52
00:05:39,23,40,25.32,767.52
00:05:40,23,40,25.33,767.49
00:05:42,23,40,25.33,767.49
00:05:43,23,40,25.33,767.52
00:05:44,23,40,25.32,767.47
00:05:46,23,40,25.33,767.47
00:05:47,23,40,25.32,767.52
00:05:48,23,41,25.32,767.55
00:05:50,23,40,25.32,767.52
00:05:51,23,40,25.33,767.52
00:05:53,23,40,25.32,767.55
00:05:54,23,40,25.32,767.52
00:05:55,23,40,25.32,767.52
00:05:57,23,40,25.32,767.52
00:05:58,23,40,25.32,767.57
00:05:59,23,40,25.32,767.49
00:06:01,23,40,25.33,767.49
00:06:02,23,40,25.33,767.52
00:06:03,23,41,25.33,767.47
00:06:05,23,40,25.33,767.49
00:06:06,23,41,25.33,767.52
00:06:08,23,40,25.34,767.57
00:06:09,23,41,25.33,767.55
00:06:10,23,41,25.34,767.49
00:06:12,23,41,25.34,767.49
00:06:13,23,41,25.34,767.41
00:06:14,23,41,25.33,767.52
00:06:16,23,41,25.34,767.47
00:06:17,23,41,25.33,767.47
00:06:18,23,41,25.35,767.52
00:06:20,23,41,25.36,767.38
00:06:21,23,41,25.36,767.44
00:06:23,23,41,25.36,767.44
00:06:24,23,41,25.36,767.46
00:06:25,23,41,25.36,767.46
00:06:27,23,41,25.36,767.44
00:06:28,23,41,25.36,767.49
00:06:29,23,41,25.35,767.46
00:06:31,23,41,25.36,767.46
00:06:32,23,41,25.35,767.52
00:06:33,23,41,25.35,767.38
00:06:35,23,41,25.34,767.52
00:06:36,23,41,25.36,767.49
00:06:38,23,41,25.34,767.52
00:06:39,23,41,25.35,767.52
00:06:40,23,41,25.36,767.46
00:06:42,23,41,25.36,767.46
00:06:43,23,41,25.37,767.44
00:06:44,23,41,25.36,767.44
00:06:46,23,41,25.36,767.46
00:06:47,23,41,25.36,767.46
00:06:48,23,41,25.37,767.46
00:06:50,23,41,25.37,767.44
00:06:51,23,41,25.38,767.38
00:06:52,23,41,25.37,767.44
00:06:54,23,41,25.39,767.36
00:06:55,23,41,25.38,767.46
00:06:56,23,41,25.37,767.44
00:06:58,23,41,25.37,767.46
00:06:59,23,41,25.37,767.49
00:07:00,23,41,25.36,767.46
00:07:02,23,41,25.36,767.46
00:07:03,23,41,25.36,767.52
00:07:04,23,41,25.36,767.41
00:07:06,23,41,25.36,767.49
00:07:07,23,41,25.35,767.41
00:07:08,23,41,25.35,767.46
00:07:10,23,41,25.34,767.44
00:07:11,23,41,25.35,767.46
00:07:12,23,41,25.35,767.49
00:07:14,23,41,25.34,767.52
00:07:15,23,41,25.34,767.49
00:07:17,23,41,25.33,767.52
00:07:18,23,41,25.35,767.46
00:07:19,23,41,25.35,767.52
00:07:21,23,41,25.34,767.47
00:07:22,23,41,25.34,767.49
00:07:23,23,41,25.34,767.49
00:07:25,23,41,25.35,767.52
00:07:26,23,41,25.34,767.52
00:07:27,23,41,25.34,767.52
00:07:29,23,41,25.34,767.57
00:07:30,23,41,25.35,767.52
00:07:31,23,41,25.34,767.52
00:07:33,23,41,25.34,767.46
00:07:34,23,41,25.34,767.52
00:07:35,23,41,25.34,767.49
00:07:37,23,41,25.34,767.49
00:07:38,23,41,25.34,767.49
00:07:39,23,41,25.34,767.52
00:07:41,23,41,25.34,767.49
00:07:42,23,41,25.36,767.57
00:07:44,23,41,25.34,767.52
00:07:45,23,41,25.34,767.47
00:07:46,23,41,25.34,767.52
00:07:48,23,41,25.34,767.46
00:07:49,23,41,25.35,767.57
00:07:50,23,41,25.34,767.44
00:07:52,23,41,25.35,767.49
00:07:53,23,41,25.36,767.54
00:07:54,23,41,25.34,767.46
00:07:56,23,41,25.35,767.52
00:07:57,23,41,25.35,767.49
00:07:58,23,41,25.35,767.55
00:08:00,23,41,25.34,767.49
00:08:01,23,41,25.34,767.44
00:08:02,23,41,25.34,767.52
00:08:04,23,41,25.33,767.52
00:08:05,23,41,25.33,767.47
00:08:07,23,40,25.33,767.55
00:08:08,23,40,25.34,767.52
00:08:09,23,40,25.33,767.47
00:08:11,23,40,25.33,767.52
00:08:12,23,40,25.34,767.52
00:08:13,23,40,25.34,767.49
00:08:15,23,40,25.33,767.52
00:08:16,23,40,25.34,767.49
00:08:17,23,40,25.34,767.55
00:08:19,23,40,25.33,767.47
00:08:20,23,40,25.33,767.55
00:08:21,23,40,25.32,767.52
00:08:23,23,40,25.34,767.47
00:08:24,23,41,25.33,767.52
00:08:25,23,41,25.34,767.46
00:08:27,23,41,25.34,767.47
00:08:28,23,41,25.36,767.49
00:08:30,23,41,25.34,767.49
00:08:31,23,41,25.35,767.46
00:08:32,23,41,25.35,767.46
00:08:34,23,41,25.35,767.46
00:08:35,23,41,25.35,767.46
00:08:36,23,41,25.35,767.46
00:08:38,23,41,25.34,767.46
00:08:39,23,41,25.34,767.46
00:08:40,23,41,25.35,767.46
00:08:42,23,41,25.34,767.52
00:08:43,23,41,25.34,767.52
00:08:45,23,41,25.34,767.49
00:08:46,23,41,25.33,767.47
00:08:47,23,41,25.34,767.52
00:08:49,23,41,25.33,767.47
00:08:50,23,41,25.34,767.52
00:08:51,23,41,25.35,767.49
00:08:53,23,41,25.35,767.49
00:08:54,23,41,25.36,767.49
00:08:55,23,41,25.36,767.52
00:08:57,23,41,25.36,767.49
00:08:58,23,41,25.36,767.49
00:08:59,23,41,25.35,767.49
00:09:01,23,41,25.36,767.52
00:09:02,23,41,25.35,767.49
00:09:04,23,41,25.34,767.52
00:09:05,23,41,25.35,767.41
00:09:06,23,41,25.35,767.49
00:09:08,23,42,25.36,767.52
00:09:09,23,43,25.40,767.49
00:09:10,23,43,25.41,767.41
00:09:12,23,44,25.43,767.36
00:09:13,23,44,25.46,767.33
00:09:14,23,46,25.52,767.30
00:09:16,23,47,25.54,767.30
00:09:17,23,47,25.56,767.25
00:09:18,23,48,25.61,767.14
00:09:20,23,48,25.63,767.16
00:09:21,23,49,25.65,767.14
00:09:23,23,50,25.67,767.11
00:09:24,23,53,25.68,767.14
00:09:25,23,56,25.72,767.03
00:09:27,23,59,25.74,766.95
00:09:28,23,62,25.74,767.03
00:09:29,23,65,25.73,767.03
00:09:31,23,68,25.73,767.00
00:09:32,23,69,25.76,767.00
00:09:33,23,71,25.79,766.97
00:09:35,24,72,25.84,766.86
00:09:36,24,73,25.87,766.86
00:09:37,24,75,25.90,766.81
00:09:39,24,76,25.92,766.81
00:09:40,24,77,25.92,766.81
00:09:42,24,77,25.92,766.84
00:09:43,24,77,25.91,766.86
00:09:44,24,77,25.89,766.92
00:09:46,24,76,25.88,766.89
00:09:47,24,74,25.87,766.86
00:09:48,24,73,25.86,766.89
00:09:50,24,72,25.85,766.89
00:09:51,24,71,25.83,766.86
00:09:52,24,69,25.84,766.94
00:09:54,24,68,25.82,766.92
00:09:55,24,65,25.82,766.92
00:09:57,24,63,25.81,766.97
00:09:58,24,62,25.80,766.97
00:09:59,24,60,25.79,767.00
00:10:01,24,58,25.78,766.97
00:10:02,24,57,25.78,766.97
